{
  "loss": [
    3.9263973236083984,
    1.1696709632873534,
    0.38810129165649415,
    0.24927229881286622,
    0.23067064285278321,
    0.24053552150726318,
    0.2265923261642456,
    0.20416259765625,
    0.18314636945724488,
    0.1445997476577759
  ],
  "steps": [
    5,
    10,
    15,
    20,
    25,
    30,
    35,
    40,
    45,
    50
  ],
  "before": 0.471023,
  "after": 0.231888,
  "delta": -0.239135,
  "improvement_pct": -50.77,
  "model": "distilgpt2",
  "dataset_samples": 1000,
  "training_steps": 50,
  "method": "SFT via TRL SFTTrainer on Google Colab (CPU)",
  "timestamp": "2026-04-25T18:33:18.251759"
}